site,wildtype,mutant,entry_CHO_bEFNB2
71,Q,C,-1.75
71,Q,D,-1.164
71,Q,E,-1.255
71,Q,F,-1.058
71,Q,G,-1.425
71,Q,H,-0.3764
71,Q,I,-2.171
71,Q,K,0.005061
71,Q,L,-1.072
71,Q,M,-0.7752
71,Q,N,0.3743
71,Q,P,-3.385
71,Q,R,-0.6508
71,Q,S,-0.6884
71,Q,T,-0.5726
71,Q,V,-1.236
71,Q,W,-2.143
71,Q,Y,-1.827
72,N,A,-0.4574
72,N,C,-2.844
72,N,D,-2.783
72,N,E,0.1277
72,N,F,-2.33
72,N,G,-0.1137
72,N,H,-0.4882
72,N,I,-0.9882
72,N,K,-0.3237
72,N,L,-1.26
72,N,M,0.08954
72,N,P,-3.313
72,N,Q,0.2945
72,N,R,-1.378
72,N,S,0.2917
72,N,T,-1.433
72,N,V,-3.165
72,N,W,-2.063
72,N,Y,-1.268
73,Y,A,-0.4733
73,Y,C,-0.06033
73,Y,D,-1.14
73,Y,F,0.1844
73,Y,G,-0.3173
73,Y,H,-0.5819
73,Y,K,-1.455
73,Y,L,-0.7393
73,Y,M,-1.46
73,Y,N,0.2525
73,Y,P,-2.542
73,Y,Q,-0.4056
73,Y,R,-1.541
73,Y,S,-0.9325
73,Y,T,-1.049
73,Y,V,-0.2105
73,Y,W,-0.1536